{
    "performance_results": {
        "Spearman": -0.9999999999999999,
        "Pearson": -1.0,
        "Kendall-Tau": -1.0,
        "Cohen's Kappa": 0.0
    },
    "results": [
        {
            "id": 0,
            "human_score": 0.91,
            "gpt_score": -1.3145307291620094
        },
        {
            "id": 1,
            "human_score": 1.74,
            "gpt_score": -1.4205136831407579
        }
    ]
}